epoch,time,train/box_loss,train/cls_loss,train/dfl_loss,metrics/precision(B),metrics/recall(B),metrics/mAP50(B),metrics/mAP50-95(B),val/box_loss,val/cls_loss,val/dfl_loss,lr/pg0,lr/pg1,lr/pg2
1,32.599,0.82073,2.66195,1.2609,0.00875,1,0.16918,0.10582,0.51105,2.6587,0.9883,4e-05,4e-05,4e-05
2,35.0586,0.87096,2.70214,1.3743,0.00875,1,0.15081,0.08313,0.53221,2.65104,0.98513,9.934e-05,9.934e-05,9.934e-05
3,36.8545,0.68844,2.49538,1.22532,0.00875,1,0.2911,0.19278,0.59018,2.62167,0.99142,0.000157888,0.000157888,0.000157888
4,38.4545,0.705,2.39712,1.26247,0.00875,1,0.47261,0.36287,0.56407,2.61673,0.95826,0.000215644,0.000215644,0.000215644
5,40.0849,0.60653,2.13214,1.18277,0.00875,1,0.52604,0.40771,0.59392,2.60994,0.97251,0.000272608,0.000272608,0.000272608
6,41.8619,0.62121,1.85869,1.12896,0.00875,1,0.47603,0.35809,0.70519,2.60156,1.03686,0.00032878,0.00032878,0.00032878
7,43.6429,0.73466,1.91355,1.25718,0.00875,1,0.51769,0.37783,0.79971,2.55859,1.12124,0.00038416,0.00038416,0.00038416
8,45.5819,0.66894,1.70342,1.18525,0.00875,1,0.53909,0.40224,0.75976,2.5277,1.10764,0.000438748,0.000438748,0.000438748
9,47.9033,0.67247,1.56962,1.12963,0.00875,1,0.56118,0.41338,0.73236,2.52104,1.05679,0.000492544,0.000492544,0.000492544
10,49.8498,0.64498,1.43904,1.11651,0.00875,1,0.53207,0.3952,0.68621,2.55319,1.03818,0.000545548,0.000545548,0.000545548
11,51.4754,0.61494,1.2728,1.14001,0.31985,0.61905,0.56959,0.42092,0.76637,2.48152,1.1143,0.00059776,0.00059776,0.00059776
12,53.0239,0.66879,1.26569,1.23391,1,0.26358,0.58208,0.42925,0.80109,2.372,1.18791,0.00064918,0.00064918,0.00064918
13,54.6366,0.72397,1.22975,1.18934,1,0.3975,0.51661,0.40695,0.98791,2.22689,1.34341,0.000699808,0.000699808,0.000699808
14,56.2056,0.68134,1.15156,1.18233,0.87184,0.28571,0.45145,0.34771,1.07573,2.33511,1.30183,0.000749644,0.000749644,0.000749644
15,57.9487,0.70391,1.17811,1.20104,0.8924,0.28571,0.39829,0.28139,1.27402,2.42121,1.55411,0.000798688,0.000798688,0.000798688
16,59.9533,0.74703,1.13916,1.18847,0.93265,0.28571,0.4137,0.28133,1.20736,2.39672,1.46327,0.00084694,0.00084694,0.00084694
17,62.3848,0.69429,1.10688,1.19439,1,0.45698,0.53444,0.40284,1.17748,2.01852,1.52599,0.0008944,0.0008944,0.0008944
18,64.0538,0.82605,1.19301,1.26737,0.97636,0.42857,0.54031,0.37744,1.21863,1.93855,1.56732,0.000941068,0.000941068,0.000941068
19,65.6209,0.75675,1.1311,1.20458,0.85533,0.56358,0.60045,0.42681,1.20448,1.89386,1.54412,0.000986944,0.000986944,0.000986944
20,67.1856,0.77349,1.11455,1.27417,1,0.42177,0.59958,0.45276,1.05528,1.85374,1.3325,0.00103203,0.00103203,0.00103203
21,68.9502,0.67534,1.02716,1.16316,0.77481,0.42857,0.54419,0.41376,1.09328,2.00695,1.40451,0.00107632,0.00107632,0.00107632
22,70.5331,0.67849,1.04304,1.16743,0.5624,0.42857,0.48612,0.30126,1.20968,2.19245,1.56149,0.00111982,0.00111982,0.00111982
23,72.0608,0.69493,1.06769,1.16774,0.64118,0.42566,0.51222,0.30294,1.16935,2.26489,1.49691,0.00116253,0.00116253,0.00116253
24,74.2962,0.71787,1.05967,1.19863,0.62475,0.47619,0.4988,0.33864,1.16197,2.08199,1.48855,0.00120444,0.00120444,0.00120444
25,76.4758,0.70293,1.08274,1.17664,0.66446,0.52381,0.51781,0.33248,1.14455,2.0397,1.48825,0.00124557,0.00124557,0.00124557
26,78.0544,0.66031,1.03136,1.12942,0.58214,0.52381,0.42149,0.25639,1.22924,2.14408,1.59076,0.0012859,0.0012859,0.0012859
27,79.6711,0.79909,1.05056,1.1867,0.59227,0.52381,0.45319,0.24579,1.32754,2.2484,1.6622,0.00132544,0.00132544,0.00132544
28,81.2967,0.73599,1.03422,1.19623,0.61586,0.42857,0.39145,0.22455,1.34731,2.28469,1.68356,0.00136419,0.00136419,0.00136419
29,82.7797,0.70325,0.99605,1.14436,0.61586,0.42857,0.39145,0.22455,1.34731,2.28469,1.68356,0.00140214,0.00140214,0.00140214
30,84.3412,0.66165,1.02367,1.12071,0.63212,0.42857,0.37527,0.2254,1.37527,2.3223,1.75901,0.00143931,0.00143931,0.00143931
31,85.9765,0.69904,0.98596,1.1632,0.67519,0.39678,0.41359,0.26961,1.53506,2.32584,1.93634,0.00147568,0.00147568,0.00147568
32,88.4386,0.67356,1.05362,1.21689,0.64031,0.28571,0.3427,0.24236,1.51863,2.34372,1.88311,0.00151126,0.00151126,0.00151126
33,90.3756,0.70218,1.06272,1.15391,0.64031,0.28571,0.3427,0.24236,1.51863,2.34372,1.88311,0.00154605,0.00154605,0.00154605
34,91.9943,0.76903,1.11118,1.24928,0.44515,0.33333,0.36711,0.28771,1.23361,2.10498,1.64597,0.0015644,0.0015644,0.0015644
35,93.5549,0.73426,1.03479,1.18836,0.77977,0.2381,0.34076,0.26007,1.41576,2.12192,1.83461,0.0015512,0.0015512,0.0015512
36,95.1512,0.75511,0.96867,1.21393,0.397,0.33333,0.3293,0.22707,1.49764,2.18473,1.80816,0.001538,0.001538,0.001538
37,96.7378,0.69331,0.95226,1.14889,0.397,0.33333,0.3293,0.22707,1.49764,2.18473,1.80816,0.0015248,0.0015248,0.0015248
38,98.292,0.70508,1.0201,1.14614,0.40734,0.33333,0.24331,0.16409,1.37711,2.33741,1.78946,0.0015116,0.0015116,0.0015116
39,100.059,0.67796,0.89272,1.13697,0.44595,0.42857,0.33745,0.21978,1.46097,2.24991,1.83011,0.0014984,0.0014984,0.0014984
40,102.456,0.69388,1.00424,1.15985,0.71126,0.42857,0.43297,0.27675,1.44758,2.14458,1.78966,0.0014852,0.0014852,0.0014852
41,104.406,0.66465,0.97017,1.13079,0.71126,0.42857,0.43297,0.27675,1.44758,2.14458,1.78966,0.001472,0.001472,0.001472
42,105.985,0.66702,0.92249,1.1554,0.7215,0.33333,0.33431,0.18316,1.65887,2.09981,1.97002,0.0014588,0.0014588,0.0014588
43,107.614,0.68034,0.94095,1.16712,0.46616,0.33333,0.29429,0.18175,1.46726,2.12471,1.81608,0.0014456,0.0014456,0.0014456
44,109.176,0.72494,0.92246,1.22024,0.58559,0.33333,0.36949,0.20982,1.39067,2.0857,1.758,0.0014324,0.0014324,0.0014324
45,110.685,0.67178,0.86616,1.10079,0.58559,0.33333,0.36949,0.20982,1.39067,2.0857,1.758,0.0014192,0.0014192,0.0014192
46,112.313,0.63681,0.84529,1.13105,0.72575,0.28571,0.3678,0.25314,1.29104,2.01845,1.65655,0.001406,0.001406,0.001406
47,114.055,0.62464,0.81661,1.12178,0.76533,0.33333,0.41116,0.31373,1.34231,1.92041,1.53793,0.0013928,0.0013928,0.0013928
48,116.558,0.63367,0.80322,1.10191,0.8875,0.3762,0.44792,0.32489,1.20869,1.86566,1.46513,0.0013796,0.0013796,0.0013796
49,118.359,0.60145,0.8379,1.11642,0.8875,0.3762,0.44792,0.32489,1.20869,1.86566,1.46513,0.0013664,0.0013664,0.0013664
50,119.971,0.66791,0.83409,1.07067,0.72179,0.52381,0.54447,0.36939,1.14067,1.7398,1.42036,0.0013532,0.0013532,0.0013532
51,121.578,0.639,0.82545,1.13626,0.85273,0.38095,0.4871,0.37818,1.05698,1.66543,1.429,0.00134,0.00134,0.00134
52,123.208,0.61082,0.85931,1.15419,1,0.42305,0.50924,0.34493,1.1508,1.73642,1.55949,0.0013268,0.0013268,0.0013268
53,124.839,0.59828,0.78252,1.13907,1,0.42305,0.50924,0.34493,1.1508,1.73642,1.55949,0.0013136,0.0013136,0.0013136
54,126.428,0.5817,0.70755,1.06045,0.74473,0.38095,0.47057,0.28032,1.33024,2.08616,1.56752,0.0013004,0.0013004,0.0013004
55,128.489,0.61572,0.79554,1.0857,0.70677,0.38095,0.44309,0.2335,1.54072,2.16628,1.82449,0.0012872,0.0012872,0.0012872
56,131.006,0.62682,0.79522,1.13067,0.87472,0.33259,0.438,0.23294,1.71532,2.12621,2.0343,0.001274,0.001274,0.001274
57,132.691,0.58619,0.75492,1.07837,0.87472,0.33259,0.438,0.23294,1.71532,2.12621,2.0343,0.0012608,0.0012608,0.0012608
58,134.303,0.68042,0.75246,1.12181,0.70822,0.38095,0.50587,0.27505,1.64951,1.95792,1.95474,0.0012476,0.0012476,0.0012476
59,135.843,0.59953,0.76534,1.11451,0.70966,0.46616,0.4747,0.26482,1.67919,1.87442,1.97543,0.0012344,0.0012344,0.0012344
60,137.52,0.62057,0.76449,1.14168,0.57482,0.42857,0.45063,0.23481,1.6033,1.99339,1.936,0.0012212,0.0012212,0.0012212
61,139.075,0.6183,0.76569,1.05922,0.57482,0.42857,0.45063,0.23481,1.6033,1.99339,1.936,0.001208,0.001208,0.001208
62,140.702,0.59422,0.74767,1.06202,0.7965,0.42857,0.51728,0.33422,1.25081,1.90244,1.51285,0.0011948,0.0011948,0.0011948
63,143.05,0.58564,0.70138,1.07783,0.95206,0.42857,0.60467,0.43727,1.09045,1.60044,1.37041,0.0011816,0.0011816,0.0011816
64,145.094,0.56057,0.70915,1.05666,0.83309,0.47619,0.61087,0.4781,1.01141,1.48921,1.35686,0.0011684,0.0011684,0.0011684
65,146.66,0.58536,0.7428,1.08057,0.83309,0.47619,0.61087,0.4781,1.01141,1.48921,1.35686,0.0011552,0.0011552,0.0011552
66,148.217,0.53371,0.69038,1.02936,0.69753,0.57143,0.56791,0.47614,0.99793,1.49696,1.29919,0.001142,0.001142,0.001142
67,149.839,0.60639,0.74751,1.09757,0.73377,0.57143,0.59849,0.48699,0.97034,1.52937,1.28223,0.0011288,0.0011288,0.0011288
68,151.429,0.56679,0.66809,1.06772,0.82842,0.52381,0.57619,0.45968,0.99914,1.50496,1.35466,0.0011156,0.0011156,0.0011156
69,152.925,0.57466,0.68408,1.07594,0.82842,0.52381,0.57619,0.45968,0.99914,1.50496,1.35466,0.0011024,0.0011024,0.0011024
70,154.723,0.53005,0.6384,1.00938,0.65032,0.42857,0.43692,0.31668,1.08855,1.89952,1.4279,0.0010892,0.0010892,0.0010892
71,157.076,0.57112,0.6668,1.09801,0.55766,0.42857,0.44352,0.30722,1.22348,2.09456,1.49138,0.001076,0.001076,0.001076
72,159.039,0.57416,0.68308,1.10685,0.82444,0.44825,0.51881,0.35148,1.19643,1.87432,1.46712,0.0010628,0.0010628,0.0010628
73,160.579,0.52511,0.63924,1.04169,0.82444,0.44825,0.51881,0.35148,1.19643,1.87432,1.46712,0.0010496,0.0010496,0.0010496
74,162.306,0.53636,0.68504,1.09059,0.69304,0.52381,0.53488,0.40053,1.05253,1.69009,1.33805,0.0010364,0.0010364,0.0010364
75,163.95,0.51958,0.64481,1.02507,0.70268,0.61905,0.56281,0.46264,0.91602,1.35637,1.24681,0.0010232,0.0010232,0.0010232
76,165.578,0.5195,0.65086,1.03766,0.66432,0.57143,0.6444,0.5235,0.82681,1.26065,1.16912,0.00101,0.00101,0.00101
77,167.04,0.53911,0.62434,1.06156,0.66432,0.57143,0.6444,0.5235,0.82681,1.26065,1.16912,0.0009968,0.0009968,0.0009968
78,169.204,0.51272,0.59398,0.99108,0.78749,0.47619,0.65512,0.53261,0.85946,1.22371,1.17384,0.0009836,0.0009836,0.0009836
79,171.589,0.56,0.60408,1.04589,0.51499,0.71429,0.64437,0.47419,0.89555,1.29102,1.17712,0.0009704,0.0009704,0.0009704
80,173.272,0.51522,0.61128,1.0517,0.80845,0.42857,0.60285,0.4405,0.94481,1.44602,1.22621,0.0009572,0.0009572,0.0009572
81,174.819,0.5269,0.61894,1.01632,0.80845,0.42857,0.60285,0.4405,0.94481,1.44602,1.22621,0.000944,0.000944,0.000944
82,176.428,0.53531,0.63195,1.05265,0.69881,0.47619,0.52682,0.39561,0.93656,1.64409,1.18134,0.0009308,0.0009308,0.0009308
83,178.055,0.47382,0.59533,1.01166,0.77595,0.52381,0.58551,0.39517,0.90447,1.59855,1.18073,0.0009176,0.0009176,0.0009176
84,179.618,0.4761,0.5859,0.94358,0.88414,0.52381,0.61329,0.45345,0.89581,1.48878,1.20797,0.0009044,0.0009044,0.0009044
85,181.181,0.46323,0.53613,0.98866,0.88414,0.52381,0.61329,0.45345,0.89581,1.48878,1.20797,0.0008912,0.0008912,0.0008912
86,183.46,0.49282,0.57944,1.01148,0.7481,0.566,0.62757,0.47185,0.89089,1.40108,1.22475,0.000878,0.000878,0.000878
87,185.649,0.46749,0.5404,1.0215,0.67119,0.66667,0.62088,0.48419,0.98497,1.34729,1.26033,0.0008648,0.0008648,0.0008648
88,187.305,0.53724,0.59635,1.08419,0.71787,0.60636,0.59362,0.45662,1.05067,1.33359,1.2881,0.0008516,0.0008516,0.0008516
89,188.885,0.5276,0.57303,1.00445,0.71787,0.60636,0.59362,0.45662,1.05067,1.33359,1.2881,0.0008384,0.0008384,0.0008384
90,190.511,0.5353,0.70342,1.07838,0.6632,0.61905,0.58184,0.44638,1.08128,1.29705,1.28491,0.0008252,0.0008252,0.0008252
91,192.052,0.49001,0.55897,1.01651,0.64992,0.7075,0.63029,0.47727,1.00423,1.22549,1.22516,0.000812,0.000812,0.000812
92,193.738,0.43746,0.54633,1.04121,0.53756,0.71429,0.61285,0.47214,0.95646,1.25151,1.20082,0.0007988,0.0007988,0.0007988
93,195.291,0.4675,0.58557,1.00792,0.53756,0.71429,0.61285,0.47214,0.95646,1.25151,1.20082,0.0007856,0.0007856,0.0007856
94,197.722,0.52088,0.60825,1.03886,0.84496,0.51937,0.61493,0.48712,0.92564,1.23886,1.18899,0.0007724,0.0007724,0.0007724
95,199.625,0.44831,0.53977,0.98832,0.70579,0.57143,0.62262,0.45352,1.01503,1.37023,1.20977,0.0007592,0.0007592,0.0007592
96,201.212,0.41939,0.52734,0.98609,0.8543,0.55911,0.66555,0.49602,1.05143,1.37511,1.22028,0.000746,0.000746,0.000746
97,202.769,0.44539,0.53121,0.97833,0.8543,0.55911,0.66555,0.49602,1.05143,1.37511,1.22028,0.0007328,0.0007328,0.0007328
98,204.321,0.46332,0.58338,1.04299,0.75616,0.61905,0.68798,0.51753,0.95974,1.28848,1.16055,0.0007196,0.0007196,0.0007196
99,206.04,0.4422,0.50829,0.98059,0.97638,0.52381,0.68071,0.54987,0.86334,1.28278,1.11125,0.0007064,0.0007064,0.0007064
100,207.663,0.4263,0.51011,0.96578,0.99458,0.57143,0.65539,0.53057,0.80237,1.31014,1.09917,0.0006932,0.0006932,0.0006932
101,209.357,0.42331,0.5315,0.97893,0.99458,0.57143,0.65539,0.53057,0.80237,1.31014,1.09917,0.00068,0.00068,0.00068
102,211.753,0.39251,0.50619,0.97184,0.99343,0.57143,0.64595,0.49797,0.87232,1.35056,1.25597,0.0006668,0.0006668,0.0006668
103,213.6,0.47177,0.56339,1.00806,0.99133,0.57143,0.63837,0.48477,0.91866,1.35575,1.32974,0.0006536,0.0006536,0.0006536
104,215.198,0.41805,0.53396,0.9866,0.97868,0.57143,0.65133,0.49843,0.9548,1.35149,1.40085,0.0006404,0.0006404,0.0006404
105,216.772,0.45123,0.54097,1.00468,0.97868,0.57143,0.65133,0.49843,0.9548,1.35149,1.40085,0.0006272,0.0006272,0.0006272
106,218.294,0.48089,0.51921,0.9894,0.99438,0.57143,0.66637,0.51661,0.95169,1.3285,1.41283,0.000614,0.000614,0.000614
107,220.012,0.41255,0.513,0.9981,0.86133,0.61905,0.67135,0.5153,0.95787,1.2868,1.4511,0.0006008,0.0006008,0.0006008
108,221.57,0.40337,0.49714,0.96329,0.84387,0.57143,0.66415,0.47694,0.90318,1.30555,1.39921,0.0005876,0.0005876,0.0005876
109,223.521,0.39379,0.47778,0.95874,0.84387,0.57143,0.66415,0.47694,0.90318,1.30555,1.39921,0.0005744,0.0005744,0.0005744
110,225.828,0.44447,0.52931,0.9842,0.8213,0.61905,0.6763,0.49891,0.86961,1.24238,1.28571,0.0005612,0.0005612,0.0005612
111,227.678,0.42278,0.57372,1.00425,0.80541,0.61905,0.67174,0.48816,0.84616,1.25321,1.23358,0.000548,0.000548,0.000548
112,229.37,0.44409,0.50602,1.01375,0.78989,0.61905,0.6636,0.49138,0.84854,1.28042,1.22079,0.0005348,0.0005348,0.0005348
113,230.949,0.38003,0.4593,0.93848,0.78989,0.61905,0.6636,0.49138,0.84854,1.28042,1.22079,0.0005216,0.0005216,0.0005216
114,232.521,0.42493,0.54697,1.00712,0.75786,0.61905,0.6448,0.4843,0.84723,1.24798,1.21383,0.0005084,0.0005084,0.0005084
115,234.077,0.44134,0.48384,0.96461,0.76093,0.61905,0.65169,0.49224,0.85009,1.26914,1.20031,0.0004952,0.0004952,0.0004952
116,235.678,0.40769,0.46249,0.95496,0.90902,0.52381,0.64799,0.49734,0.82482,1.25966,1.19088,0.000482,0.000482,0.000482
117,237.761,0.38697,0.46419,0.96616,0.90902,0.52381,0.64799,0.49734,0.82482,1.25966,1.19088,0.0004688,0.0004688,0.0004688
118,240.173,0.39674,0.42601,0.97479,0.91656,0.52314,0.64266,0.51892,0.78903,1.25837,1.17714,0.0004556,0.0004556,0.0004556
119,241.757,0.35291,0.43886,0.93323,0.91645,0.52247,0.66492,0.53341,0.80211,1.21819,1.19379,0.0004424,0.0004424,0.0004424
120,243.427,0.41546,0.48155,0.9774,0.79902,0.56818,0.67083,0.54851,0.85008,1.20272,1.27713,0.0004292,0.0004292,0.0004292
121,244.964,0.42569,0.47393,1.03054,0.79902,0.56818,0.67083,0.54851,0.85008,1.20272,1.27713,0.000416,0.000416,0.000416
122,246.527,0.40857,0.46748,1.00689,1,0.52172,0.68385,0.55153,0.85755,1.22781,1.25684,0.0004028,0.0004028,0.0004028
123,248.135,0.36638,0.44688,0.93264,0.80975,0.60856,0.68285,0.55892,0.85524,1.2637,1.24571,0.0003896,0.0003896,0.0003896
124,249.751,0.43962,0.48469,1.00773,0.98877,0.52381,0.68396,0.55235,0.86337,1.26063,1.26961,0.0003764,0.0003764,0.0003764
125,251.862,0.36168,0.43491,0.97415,0.98877,0.52381,0.68396,0.55235,0.86337,1.26063,1.26961,0.0003632,0.0003632,0.0003632
126,254.138,0.39143,0.45364,0.98416,0.9903,0.52381,0.69181,0.54108,0.85548,1.26635,1.25337,0.00035,0.00035,0.00035
127,255.72,0.34977,0.42172,0.97607,0.99149,0.52381,0.70176,0.55343,0.85021,1.27326,1.25551,0.0003368,0.0003368,0.0003368
128,257.406,0.41378,0.47143,1.01475,0.9911,0.52381,0.69117,0.55216,0.84036,1.29577,1.2393,0.0003236,0.0003236,0.0003236
129,258.904,0.36159,0.47208,0.97422,0.9911,0.52381,0.69117,0.55216,0.84036,1.29577,1.2393,0.0003104,0.0003104,0.0003104
130,260.544,0.40809,0.44849,0.98825,0.99056,0.52381,0.69875,0.54052,0.86496,1.31814,1.25166,0.0002972,0.0002972,0.0002972
131,262.12,0.34775,0.42051,0.96142,0.95784,0.52381,0.69291,0.52297,0.87076,1.30993,1.24861,0.000284,0.000284,0.000284
132,263.681,0.36086,0.42724,0.9434,0.85508,0.56247,0.69134,0.53983,0.85624,1.28692,1.2397,0.0002708,0.0002708,0.0002708
133,266.047,0.33143,0.42959,0.90988,0.85508,0.56247,0.69134,0.53983,0.85624,1.28692,1.2397,0.0002576,0.0002576,0.0002576
134,268.22,0.36637,0.4461,0.98259,0.85693,0.5705,0.69352,0.54951,0.82576,1.25296,1.21006,0.0002444,0.0002444,0.0002444
135,269.788,0.34605,0.44468,0.96371,0.98658,0.52381,0.69511,0.55658,0.80115,1.2197,1.18308,0.0002312,0.0002312,0.0002312
136,271.372,0.33495,0.39502,0.9803,0.86572,0.6143,0.70677,0.57212,0.81372,1.1843,1.2225,0.000218,0.000218,0.000218
137,273.019,0.37493,0.43866,0.98151,0.86572,0.6143,0.70677,0.57212,0.81372,1.1843,1.2225,0.0002048,0.0002048,0.0002048
138,274.627,0.35958,0.45382,0.92531,0.81106,0.61905,0.6954,0.58546,0.79858,1.1759,1.21562,0.0001916,0.0001916,0.0001916
139,276.203,0.37318,0.43031,0.95958,0.8079,0.60154,0.69398,0.58558,0.7969,1.1771,1.22334,0.0001784,0.0001784,0.0001784
140,277.991,0.33951,0.4167,0.95967,0.86615,0.61649,0.70099,0.59109,0.80284,1.19316,1.21226,0.0001652,0.0001652,0.0001652
141,282.612,0.29816,0.60127,0.9106,0.86615,0.61649,0.70099,0.59109,0.80284,1.19316,1.21226,0.000152,0.000152,0.000152
142,284.443,0.35162,0.64782,0.9519,0.82269,0.66667,0.70994,0.58975,0.79445,1.15935,1.19945,0.0001388,0.0001388,0.0001388
143,286.106,0.27509,0.52204,0.86955,0.85357,0.66667,0.72414,0.60384,0.80188,1.13729,1.19519,0.0001256,0.0001256,0.0001256
144,287.637,0.29305,0.50371,0.92936,0.74467,0.66667,0.7225,0.59226,0.81097,1.12035,1.19142,0.0001124,0.0001124,0.0001124
145,289.186,0.29832,0.53638,0.96684,0.74467,0.66667,0.7225,0.59226,0.81097,1.12035,1.19142,9.92e-05,9.92e-05,9.92e-05
146,290.772,0.2828,0.53881,0.8837,0.73846,0.6725,0.72022,0.59855,0.78373,1.1399,1.1376,8.6e-05,8.6e-05,8.6e-05
147,292.856,0.28276,0.5202,0.90729,0.79503,0.66667,0.72323,0.60337,0.776,1.14425,1.13109,7.28e-05,7.28e-05,7.28e-05
148,295.215,0.27856,0.4797,0.91679,0.7872,0.66667,0.72255,0.60133,0.7718,1.15133,1.12483,5.96e-05,5.96e-05,5.96e-05
149,296.78,0.29904,0.4983,0.91789,0.7872,0.66667,0.72255,0.60133,0.7718,1.15133,1.12483,4.64e-05,4.64e-05,4.64e-05
150,298.373,0.28068,0.46661,0.91207,0.7836,0.71429,0.72835,0.60793,0.7706,1.15004,1.1214,3.32e-05,3.32e-05,3.32e-05
